config,problem,confidence,answer,correct
baseline,Solve the equation: (x + 3)(x - 2) = 0,0.6802151025025187,"Step-by-step solution:
1. For What are the factors in the equation: Solve the equation: (x + 3)(x - 2) = 0?
Answer: Solve this math problem step by step:
Question: What are the factors in the equation: Solve the equation: (x + 3)(x - 2) = 0?
Solution: We'll use a simple formula to solve it. The first factor is x, and then we add that number as an odd numbers multiplier on top of its normal distribution; if you've got one thing wrong with your answer â€“ or even just know what's going through our head right now! So let's take these two equations together for comparisonâ€¦

I'm sure some people will disagree but I think they're pretty close at 1/2â€³ square so please don't judge me based purely off my answers because there isn'nt much point here except maybe adding up all those points plus another few more where necessary ðŸ™‚
2. For What property can we use when a product equals zero?
Answer: Solve this math problem step by step:
Question: What property can we use when a product equals zero?
Solution: We need to know the value of our Product. For example, if you have 3 different values for ""5"" and ""10"", how do they fit together in one unit (1) or two units (-2)? It is important that there be some sort 'trivial' relationship between them so it will not make sense to just assume their equal weights on each item but rather understand what makes up those weightings as well! Here's an easy way out from here : Use your intuition about where things come into play before calculating any other properties which might help us solve these problems .

The next question comes with solving all three questions
3. For What equations do we get from each factor?
Answer: Solve this math problem step by step:
Question: What equations do we get from each factor?
Solution: The equation for the square root of 0.5 gives us, in order to solve it with a given number of points (0+1), 2*3 = 4=12 and so on â€“ that's 1/(4-6)^2 + 3/8(14). This is exactly what you want when dealing directly with numbers like 9 or 10 as well. However, if your solution does not satisfy all these requirements then don't worry about solving them yourself! Just find out how many digits there are between zero - one digit which tells whether they have any other values than ""one"" etcâ€¦ I'll explain more later here
4. For How do we solve each equation?
Answer: Solve this math problem step by step:
Question: How do we solve each equation?
Solution: We have a solution to the first two equations. The second one is solved in half an hour, and so on until you get it right for your project! Answer: If I can find any good way to figure out how many times every minute of my time has been spent solving these 2 problems (i) then that's enough information; but if not there are other ways around tooâ€¦ So here goes... 1.) Create new matrix with all solutions plus some extra ones - add them together into 3-dimensional space as shown below Figure 6 A Solution To Solve These Problems For Your Project As You Go From Step 4 In This Section

","Using the zero product property:
Either (x + 3) = 0 or (x - 2) = 0
Solving each equation:
x = -3 or x = 2
Therefore, the solutions are x = -3 and x = 2"
baseline,What is the area of a circle with radius 5 units?,0.8706129803938361,"Solve this math problem step by step:
Question: What is the area of a circle with radius 5 units?
Solution: We'll use two equations. First, let's say that we have an equation for each square root in space and divide it into 3 equal parts (x=5 + y=-1) = 10^-10(y+2)/3 . Let's also assume there are 2 sides to every triangle so our solution will be 1 unit x squared divided over all squares which contain at least one side from any angle where they intersects or around us - what would happen if you just added another corner on top like here ? Well then I think my answer was correct but not quite as accurate when applied correctly since those corners were actually left behind","Area of a circle = Ï€rÂ²
Substituting r = 5:
Area = Ï€(5)Â²
Area = 25Ï€ square units"
no_perplexity,Solve the equation: (x + 3)(x - 2) = 0,0.72106677055604,"Step-by-step solution:
1. For What are the factors in the equation: Solve the equation: (x + 3)(x - 2) = 0?
Answer: Solve this math problem step by step:
Question: What are the factors in the equation: Solve the equation: (x + 3)(x - 2) = 0?
Solution: The factor x is a function of both its length and width. It can be divided into two parts, which form an integral called ""the square root"". Let's take it as follows : If we multiply our first element with 1^3 then each part will have exactly one point multiplied together at every multiplication time until they reach zero! This gives us about 5% less than what was originally given when calculating for example 7-9/4=0 or 8+6*2(5)-1+(8)+7*. Now let me explain how to solve these equations so that you understand why I did not give them more explanation on my
2. For What property can we use when a product equals zero?
Answer: Solve this math problem step by step:
Question: What property can we use when a product equals zero?
Solution: The answer is that the sum of all properties in our solution must be equal to at least one. (It's not perfect, but it works!) For example if I have two products and they are both positive integers then my formula would look like soâ€¦

The following equation gives us an output which shows how many times each item has been added or removed from your collection for some reason! In other words you could multiply 1 Ã— 10 = 0x10 + 2Ã—5=0 . If there were no items left on shelves where these values might exceed 100% please consider adding them back into your inventory instead â€“ because as long people don
3. For What equations do we get from each factor?
Answer: Solve this math problem step by step:
Question: What equations do we get from each factor?
Solution: We can solve the equation for a given number of numbers with one simple solution. Let's say that, after solving all our problems in Math and Statistics section (the ""Step 1"" part), there are 2 sets of 0-1 integers on which to calculate their solutions; these will be called zeros or nines if they're not already zero at any point along its path â€“ but otherwise it'll take two steps before you know what your answer is going to look like!

The first set contains an integer representing how many points have been found within every possible space between them so farâ€¦ If I'm using my calculator then those values","Using the zero product property:
Either (x + 3) = 0 or (x - 2) = 0
Solving each equation:
x = -3 or x = 2
Therefore, the solutions are x = -3 and x = 2"
no_perplexity,What is the area of a circle with radius 5 units?,0.7853417045701261,"Step-by-step solution:
1. For Original Problem: What is the area of a circle with radius 5 units?
Answer: Solve this math problem step by step:
Question: Original Problem: What is the area of a circle with radius 5 units?
Solution: The square root (r) will be 2.5, and its circumference 3 meters in diameter to reach that point would take 1 meter for every 10-meter distance from it - so if we want our current solution at 6 kilometers per second then 8 x 11 = 20 m/sÂ² / 100 km squared!

The answer here comes down on my face as I am an engineer who has done lots of calculations over many years but never really understood what they were doing until recently when some friends asked me about their results which was very interesting because one thing you can always see are how much energy there's going into each part or piece after","Area of a circle = Ï€rÂ²
Substituting r = 5:
Area = Ï€(5)Â²
Area = 25Ï€ square units"
no_coherence,Solve the equation: (x + 3)(x - 2) = 0,0.775118465135994,"Step-by-step solution:
1. For What are the factors in the equation: Solve the equation: (x + 3)(x - 2) = 0?
Answer: Solve this math problem step by step:
Question: What are the factors in the equation: Solve the equation: (x + 3)(x - 2) = 0?
Solution: The first factor is that of x. So, we have a simple formula for solving it as follows: 1/3 * 7^2 / 6=0 . This means there will be 5 problems solved with solving on these equations and 4 solutions where you can solve them using your own hand or computer calculator to get an answer from those numbers! To make things more complicated if I'm not mistaken here's how my solution works out...

The second variable represents what happens when two different sets of answers come together under one condition- ""What do they mean?"" Answer #1 would simply indicate whether each set has been satisfactorily answered
2. For What property can we use when a product equals zero?
Answer: Solve this math problem step by step:
Question: What property can we use when a product equals zero?
Solution: The answer is simple. When you solve the equation, all of your input and output variables are equal to 1/2 that value (i-1). That's because every variable in each element has an inverse number - i = 0 . If it were 2 or 3 then its two elements would have identical values but they will be different weights for some reason like ""I am at 9"". So if I get 7 as my first item on our list instead than 6 , how do these weight ratios work out with me ? Answer : In terms which may seem odd right now though there must also exist other factors such changes from time frame until moment
3. For What equations do we get from each factor?
Answer: Solve this math problem step by step:
Question: What equations do we get from each factor?
Solution: We have to find the equation for our value of a given number, and then solve it with that. In other words, let's say you want 5 Ã— 3 = 2 x 4 + 1 (1/4). Let's call those values ""p"" or ""g"". So if your answer is 9 , 10 does not look like 6 . You might be thinking about how much better off I am than my friends because they are all going to spend $10 on their first two tickets at an airport in Las Vegas when everyone else will go home after spending just over half as many dollars there! But here comes one big questionâ€¦ Does
4. For How do we solve each equation?
Answer: Solve this math problem step by step:
Question: How do we solve each equation?
Solution: We simply multiply the solution of all equations (in decimal) into a number, and then divide that result in two. This is called ""multiplication"". The difference between an answer to your question with one side being equal or negative will be multiplied if it equals zero; otherwise they'll both become positive integers instead. So for example 1 = 2 + 3 , where x1+y2=3 . In fact you can use any combination of these combinations as well! If I had just given my students numbers such as -4-5 which are more than 5 digits long...then maybe there would have been no way outâ€¦but what","Using the zero product property:
Either (x + 3) = 0 or (x - 2) = 0
Solving each equation:
x = -3 or x = 2
Therefore, the solutions are x = -3 and x = 2"
no_coherence,What is the area of a circle with radius 5 units?,0.6578626455716172,"Step-by-step solution:
1. For Original Problem: What is the area of a circle with radius 5 units?
Answer: Solve this math problem step by step:
Question: Original Problem: What is the area of a circle with radius 5 units?
Solution: A rectangle has 4 squares, each containing an element. The square root represents how many elements there are in that space (i . 0). If we multiply all four circles together using x and y , then our solution would be as follows:

The number 10 = 61220 + 91867 * 1210 / 100000 divided into 8 bits for simplicity's sake; but I'll just show you what happens when it comes to solving any other puzzle! This gives us 2x4=2*5^3$ where 1/8th gets rounded down from 3 times up until half way through which means your answer will end at","Area of a circle = Ï€rÂ²
Substituting r = 5:
Area = Ï€(5)Â²
Area = 25Ï€ square units"
no_reasoning,Solve the equation: (x + 3)(x - 2) = 0,0.8001186537704206,"Step-by-step solution:
1. For Solve the equation: (x + 3)(x - 2) = 0
Answer: Solve this math problem step by step:
Question: Solve the equation: (x + 3)(x - 2) = 0
Solution: Solution 1, which is a simple proof that x * 5^3 means 4.5 times as many points in any given row of columns and 6/7 more than anything else! This solution takes us to an infinite number where we have 7 rows with at least 10 cards on each side; 8 total â€“ 9 out of 11 possible combinations for every card remaining between them plus one or two additional ones depending upon how much you want it all turned into numbers from left-to right . So now let's take our first ""problem"" questionâ€¦ Answer : I know there are other solutions but please don't use these answers because they aren'","Using the zero product property:
Either (x + 3) = 0 or (x - 2) = 0
Solving each equation:
x = -3 or x = 2
Therefore, the solutions are x = -3 and x = 2"
no_reasoning,What is the area of a circle with radius 5 units?,0.7980363196305684,"Solve this math problem step by step:
Question: What is the area of a circle with radius 5 units?
Solution: The answer to that question depends on which direction you are looking. If your goal lies in an angle, then there will be no way for it to go through any point at all - and if not even one possible location can happen here (the other locations have their own problems). So what does ""radius"" mean when we say 2 or 3 instead?: It means how far from our center do points get before they reach us as well!

- How about 4 square meters ? Or maybe 1/4th meter : That's just where my eyes land during night time ! Now let's look up another place around 6 squares . For example","Area of a circle = Ï€rÂ²
Substituting r = 5:
Area = Ï€(5)Â²
Area = 25Ï€ square units"
no_consistency,Solve the equation: (x + 3)(x - 2) = 0,0.8873210643343147,"Solve this math problem step by step:
Question: Solve the equation: (x + 3)(x - 2) = 0
Solution: Equation 1.0 is true for all x and y in a given set of integers, so that each element has exactly one value when it comes to solving equations with equal numbers or different values than their respective zero-point counterparts . Solution: This solves Maths 4 & 5's puzzle if we have an integer n , then every time there are two elements at any point on our list where they're not related but which do need them as well : So let us solve these problems using some sort more complex solution approach! We'll use solver/solvers like Riemannian random number generators such as rand() / rn","Using the zero product property:
Either (x + 3) = 0 or (x - 2) = 0
Solving each equation:
x = -3 or x = 2
Therefore, the solutions are x = -3 and x = 2"
no_consistency,What is the area of a circle with radius 5 units?,0.7973982506530412,"Solve this math problem step by step:
Question: What is the area of a circle with radius 5 units?
Solution: The square root (or ""square"") in centimeters equals 10. This means that if you had two circles, one for each corner and other to be equal on either side then they would have an average diameter around 6 meters! So we can use our calculator here as follows : If your center-radius was 1/4th its circumference it will fit within 2 cm squared so let's say there were 30 people at any given time inside all these 20 cornersâ€¦ Then what happens when some random person decides he wants his friends outside those 60 rooms?! Let's call him Mr Robot or something similar since I don't know about them yet but how","Area of a circle = Ï€rÂ²
Substituting r = 5:
Area = Ï€(5)Â²
Area = 25Ï€ square units"
